"","provisional.id","miRDeep2.score","estimated.probability.that.the.miRNA.candidate.is.a.true.positive","rfam.alert","total.read.count","mature.read.count","loop.read.count","star.read.count","significant.randfold.p.value","miRBase.miRNA","example.miRBase.miRNA.with.the.same.seed","UCSC.browser","NCBI.blastn","consensus.mature.sequence","consensus.star.sequence","consensus.precursor.sequence","precursor.coordinate"
"1","Montipora_capitata_HIv3___Scaffold_2_98529",3471.1,"40 +/- 7%","-",6808,6805,0,3,"yes","-","-","-","-","gucaaaagacagggacagaugagu","ucgucugccacuguuuuuuucca","ucgucugccacuguuuuuuuccauuuuaaugucaaaagacagggacagaugagu","Montipora_capitata_HIv3___Scaffold_2:50890017..50890071:+"
"2","Montipora_capitata_HIv3___Scaffold_8_488597",2284.7,"40 +/- 7%","-",4478,4428,0,50,"yes","-","-","-","-","augcagcggaaaucgaaccuggg","ucagguucgauucccgguguauu","ucagguucgauucccgguguauuauuuaucaaugcagcggaaaucgaaccuggg","Montipora_capitata_HIv3___Scaffold_8:22810861..22810915:+"
"3","Montipora_capitata_HIv3___Scaffold_4_264216",1446.6,"40 +/- 7%","-",2832,2794,14,24,"yes","-","-","-","-","gguuagagcaucgcaccgguau","ccggugcgaugcucuaaccaacu","ccggugcgaugcucuaaccaacugagcuaugaagccacugacguugguuagagcaucgcaccgguau","Montipora_capitata_HIv3___Scaffold_4:3233614..3233681:-"
"4","Montipora_capitata_HIv3___Scaffold_9_587940",1393.2,"40 +/- 7%","-",2730,2724,0,6,"yes","-","-","-","-","agagcggagggguuggcgc","uuccaacccuaaggucccggguucc","agagcggagggguuggcgcagugguaagaucucugccuuccaacccuaaggucccggguucc","Montipora_capitata_HIv3___Scaffold_9:420363..420425:+"
"5","Montipora_capitata_HIv3___Scaffold_9_625013",1043.5,"40 +/- 7%","-",2052,2046,1,5,"yes","-","-","-","-","aacagaagcaucggaccgaa","ugggcgggguuaauguuugga","ugggcgggguuaauguuuggaugggagaccaaaauaauauaccccucauaaaacagaagcaucggaccgaa","Montipora_capitata_HIv3___Scaffold_9:31626874..31626945:-"
"6","Montipora_capitata_HIv3___Scaffold_2_71488",681.5,"40 +/- 7%","-",1332,1294,3,35,"yes","-","-","-","-","acaaggucagacgggagcag","cucccgucugaccuugua","acaaggucagacgggagcagacaguucccacggccugcucccgucugaccuugua","Montipora_capitata_HIv3___Scaffold_2:16275247..16275302:+"
"7","Montipora_capitata_HIv3___Scaffold_9_613239",680.1,"40 +/- 7%","-",1331,1273,1,57,"yes","-","-","-","-","ccagcaucggccgggauagcucag","ucgauuccuggccgaugcugugu","ccagcaucggccgggauagcucagggguuagagcaccucgcccaauucaaccuuaguggguuucgaauccaaaucgauuccuggccgaugcugugu","Montipora_capitata_HIv3___Scaffold_9:9470756..9470852:-"
"8","Montipora_capitata_HIv3___Scaffold_11_759461",631.9,"40 +/- 7%","-",1237,1234,2,1,"yes","-","-","-","-","gucuguuuguaagguaaga","aguacugugcaggcggaaaaaau","aguacugugcaggcggaaaaaaucucgagugaucgagaggucuguuuguaagguaaga","Montipora_capitata_HIv3___Scaffold_11:29336111..29336169:+"
"9","Montipora_capitata_HIv3___Scaffold_12_859123",631.7,"40 +/- 7%","-",1237,1234,2,1,"yes","-","-","-","-","gucuguuuguaagguaaga","aguacugugcaggcggaaaaaau","aguacugugcaggcggaaaaaaucucgagugaucgagaggucuguuuguaagguaaga","Montipora_capitata_HIv3___Scaffold_12:18401533..18401591:+"
"10","Montipora_capitata_HIv3___Scaffold_10_631026",600.8,"40 +/- 7%","-",1176,1173,0,3,"yes","-","-","-","-","agagcggagggguuggcgc","uuccaacccuaaggucccggguuc","agagcggagggguuggcgcaaugguaagaucucugccuuccaacccuaaggucccggguuc","Montipora_capitata_HIv3___Scaffold_10:6172746..6172807:+"
"11","Montipora_capitata_HIv3___Scaffold_8_585867",557.2,"40 +/- 7%","-",1090,1043,44,3,"yes","-","-","-","-","gguggugguggugguggug","agcagcagcagcagcagcagcag","agcagcagcagcagcagcagcagcggcggcggcggcggcggcggcggcgguggugguggugguggugguggugguggug","Montipora_capitata_HIv3___Scaffold_8:65444862..65444941:-"
"12","Montipora_capitata_HIv3___Scaffold_2_124999",473.3,"40 +/- 7%","-",926,921,0,5,"yes","-","-","-","-","uacugaaugaagagguguuuuuuug","aaaaggcaucucuucauucauaaa","uacugaaugaagagguguuuuuuugaugaucgcaaaaggcaucucuucauucauaaa","Montipora_capitata_HIv3___Scaffold_2:30490233..30490290:-"
"13","Montipora_capitata_HIv3___Scaffold_8_578139",430.8,"40 +/- 7%","-",843,556,0,287,"yes","-","-","-","-","aggcuguauuuauucacguugaga","cuuagcuugaauaaauauagugucg","aggcuguauuuauucacguugagauuuauucuuagcuugaauaaauauagugucg","Montipora_capitata_HIv3___Scaffold_8:50939003..50939058:-"
"14","Montipora_capitata_HIv3___Scaffold_11_826703",389.1,"40 +/- 7%","-",760,756,0,4,"yes","-","-","-","-","ucccaucuggggcucggauuu","uccgagaucccaguugguucuac","ucccaucuggggcucggauuuuuuccgagaucccaguugguucuac","Montipora_capitata_HIv3___Scaffold_11:41888587..41888633:-"
"15","Montipora_capitata_HIv3___Scaffold_10_729473",388.8,"40 +/- 7%","-",760,756,0,4,"yes","-","-","-","-","ucccaucuggggcucggauuu","uccgagaucccaguugguucuac","ucccaucuggggcucggauuuuuuccgagaucccaguugguucuac","Montipora_capitata_HIv3___Scaffold_10:47145420..47145466:-"
"16","Montipora_capitata_HIv3___Scaffold_10_667068",250,"40 +/- 7%","-",487,481,0,6,"yes","-","-","-","-","cuugggaaagggaagcuacacccu","ugguguagguuccuuuuccua","cuugggaaagggaagcuacacccuuuuauaugguguagguuccuuuuccua","Montipora_capitata_HIv3___Scaffold_10:40580287..40580338:+"
"17","Montipora_capitata_HIv3___Scaffold_151_1075760",237.5,"40 +/- 7%","-",464,460,0,4,"yes","-","-","-","-","ucccaucuggggcucggauuu","uccgagaucccaguugguucuac","ucccaucuggggcucggauuuuuuccgagaucccaguugguucuac","Montipora_capitata_HIv3___Scaffold_151:138549..138595:+"
"18","Montipora_capitata_HIv3___Scaffold_14_1017829",232.3,"40 +/- 7%","-",455,452,0,3,"yes","-","-","-","-","cggaucucaaggcaagca","agucuugaacccgggauccc","agucuugaacccgggauccccggaucucaaggcaagca","Montipora_capitata_HIv3___Scaffold_14:6781081..6781119:-"
"19","Montipora_capitata_HIv3___Scaffold_5_309429",219.5,"40 +/- 7%","-",431,430,0,1,"yes","-","-","-","-","acuaagcgucgggucacc","aacccaaaacccucaauuugg","aacccaaaacccucaauuuggcuaacccaaugccuaagguuagccaaacuaagcgucgggucacc","Montipora_capitata_HIv3___Scaffold_5:22610224..22610289:+"
"20","Montipora_capitata_HIv3___Scaffold_8_508612",197.7,"40 +/- 7%","-",386,283,0,103,"yes","-","-","-","-","gaggcugagcuuuuagaugaagua","cuuucagauaaaugcucagcuccu","gaggcugagcuuuuagaugaaguauuuuguucuuucagauaaaugcucagcuccu","Montipora_capitata_HIv3___Scaffold_8:37546836..37546891:+"
"21","Montipora_capitata_HIv3___Scaffold_8_553085",167.4,"40 +/- 7%","-",326,317,0,9,"yes","-","-","-","-","cuggccggggacauuguguug","aggcgcgguggccucaugguuagug","aggcgcgguggccucaugguuagugagcucgacuccggauagaguuguccggguuaggggucuggccggggacauuguguug","Montipora_capitata_HIv3___Scaffold_8:26438078..26438160:-"
"22","Montipora_capitata_HIv3___Scaffold_7_456843",153.6,"40 +/- 7%","-",299,297,0,2,"yes","-","-","-","-","guacauguguugagcugauagucu","agcuauuagcucaacaaauguuc","agcuauuagcucaacaaauguucuuugaaguacauguguugagcugauagucu","Montipora_capitata_HIv3___Scaffold_7:9017494..9017547:+"
"23","Montipora_capitata_HIv3___Scaffold_4_291272",145.5,"40 +/- 7%","-",283,254,0,29,"yes","-","-","-","-","auugugauuagugcuccugcuaau","uuggcugaagugcuaaugacagua","uuggcugaagugcuaaugacaguauuuauuauugugauuagugcuccugcuaau","Montipora_capitata_HIv3___Scaffold_4:37069238..37069292:-"
"24","Montipora_capitata_HIv3___Scaffold_6_400996",91.8,"40 +/- 7%","-",183,182,0,1,"yes","-","-","-","-","cggauugguauucgaugguugaggg","cuccuuccaucaauaucaaugucuuu","cggauugguauucgaugguugaggguucgaauccuccuuccaucaauaucaaugucuuu","Montipora_capitata_HIv3___Scaffold_6:9209109..9209168:+"
"25","Montipora_capitata_HIv3___Scaffold_13_954675",89.3,"40 +/- 7%","-",177,173,0,4,"yes","-","-","-","-","guggugguggugguggug","agcagcagcagcagcagu","gugguggugguggugguggucguaguagcagcagcagcagcagcagcagu","Montipora_capitata_HIv3___Scaffold_13:3953512..3953562:-"
"26","Montipora_capitata_HIv3___Scaffold_8_542727",88,"40 +/- 7%","-",171,164,0,7,"yes","-","-","-","-","ucaauguuggugauggugauagu","cugcaccagcaucaccaauauuguu","ucaauguuggugauggugauaguuuuaauacugcaccagcaucaccaauauuguu","Montipora_capitata_HIv3___Scaffold_8:11628578..11628633:-"
"27","Montipora_capitata_HIv3___Scaffold_14_999529",80.4,"40 +/- 7%","-",154,150,0,4,"yes","-","-","-","-","acacaccugauggaaaguuuagu","cuaaacuuuccaucagguuguguu","cuaaacuuuccaucagguuguguuacucgguaacacaccugauggaaaguuuagu","Montipora_capitata_HIv3___Scaffold_14:16243416..16243471:+"
"28","Montipora_capitata_HIv3___Scaffold_14_994729",74.1,"40 +/- 7%","-",144,138,3,3,"yes","-","-","-","-","aaggaaacuagucaaagugaag","uuacggaccgaguuuuuucc","uuacggaccgaguuuuuucccuuugauuuauggcccaagcgcgaagcgcgcgggccauaaaaaaacggcgcgcgggcaaggaaacuagucaaagugaag","Montipora_capitata_HIv3___Scaffold_14:6644324..6644423:+"
"29","Montipora_capitata_HIv3___Scaffold_9_617967",74,"40 +/- 7%","-",145,144,0,1,"yes","-","-","-","-","cacgaaagaaugaggguacaagu","cuuguccccuacuucuuuugcaa","cacgaaagaaugaggguacaaguauuuuaucuuguccccuacuucuuuugcaa","Montipora_capitata_HIv3___Scaffold_9:17896373..17896426:-"
"30","Montipora_capitata_HIv3___Scaffold_5_322659",56,"40 +/- 7%","-",106,97,0,9,"yes","-","-","-","-","gaauccaaggaaaagagccucugc","cagaggcucuuuccaugguguuca","cagaggcucuuuccaugguguucacuuagugaauccaaggaaaagagccucugc","Montipora_capitata_HIv3___Scaffold_5:34246820..34246874:+"
"31","Montipora_capitata_HIv3___Scaffold_6_419669",56,"40 +/- 7%","-",106,97,0,9,"yes","-","-","-","-","gaauccaaggaaaagagccucugc","cagaggcucuuuccaugguguuca","cagaggcucuuuccaugguguucacuuagugaauccaaggaaaagagccucugc","Montipora_capitata_HIv3___Scaffold_6:35026419..35026473:+"
"32","Montipora_capitata_HIv3___Scaffold_10_645863",56,"40 +/- 7%","-",106,97,0,9,"yes","-","-","-","-","gaauccaaggaaaagagccucugc","cagaggcucuuuccaugguguuca","cagaggcucuuuccaugguguucacuuagugaauccaaggaaaagagccucugc","Montipora_capitata_HIv3___Scaffold_10:27400564..27400618:+"
"33","Montipora_capitata_HIv3___Scaffold_2_87665",56,"40 +/- 7%","-",106,97,0,9,"yes","-","-","-","-","gaauccaaggaaaagagccucugc","cagaggcucuuuccaugguguuca","cagaggcucuuuccaugguguucacuuagugaauccaaggaaaagagccucugc","Montipora_capitata_HIv3___Scaffold_2:33707500..33707554:+"
"34","Montipora_capitata_HIv3___Scaffold_1_35393",48.6,"40 +/- 7%","-",92,91,0,1,"yes","-","-","-","-","acuucacuaaacggcgucagaaugg","auucugacgccguuuagugaagu","auucugacgccguuuagugaaguaacgguuuccggauaacuucacuaaacggcgucagaaugg","Montipora_capitata_HIv3___Scaffold_1:5350095..5350158:-"
"35","Montipora_capitata_HIv3___Scaffold_4_232369",43,"40 +/- 7%","-",82,56,0,26,"yes","-","-","-","-","aguuaaaugaaauuugacauagu","cucugucaaauugcauuuacccuau","cucugucaaauugcauuuacccuauuuaauauaguuaaaugaaauuugacauagu","Montipora_capitata_HIv3___Scaffold_4:10834145..10834200:+"
"36","Montipora_capitata_HIv3___Scaffold_5_375083",40.6,"40 +/- 7%","-",76,74,0,2,"yes","-","-","-","-","agagaagaauucguaaaucacgag","agugauuuacgaauucuucgag","agagaagaauucguaaaucacgagccccaggcgagugauuuacgaauucuucgag","Montipora_capitata_HIv3___Scaffold_5:37044793..37044848:-"
"37","Montipora_capitata_HIv3___Scaffold_2_64557",40.3,"40 +/- 7%","-",79,75,0,4,"yes","-","-","-","-","cucacgggaggcauuuuuagucac","ugucuuaaaacugccacugguagggc","ugucuuaaaacugccacugguagggcuuuagugcucacgggaggcauuuuuagucac","Montipora_capitata_HIv3___Scaffold_2:3071599..3071656:+"
"38","Montipora_capitata_HIv3___Scaffold_3_149822",40.2,"40 +/- 7%","-",76,74,0,2,"yes","-","-","-","-","acaagcaaacaaguguuugggua","auucaaauacuuuuuugcuuguu","acaagcaaacaaguguuuggguaauuauuauucaaauacuuuuuugcuuguu","Montipora_capitata_HIv3___Scaffold_3:13655005..13655057:+"
"39","Montipora_capitata_HIv3___Scaffold_9_606053",33,"40 +/- 7%","-",61,57,0,4,"yes","-","-","-","-","agacugggguccuuauaucggga","cccgauauaaggcccccaguc","cccgauauaaggcccccagucuguugaacagacugggguccuuauaucggga","Montipora_capitata_HIv3___Scaffold_9:32064089..32064141:+"
"40","Montipora_capitata_HIv3___Scaffold_11_801837",32.5,"40 +/- 7%","-",61,60,0,1,"yes","-","-","-","-","uuaaccacauucaggauguacugu","cagaacauucugacuguggcuuu","uuaaccacauucaggauguacuguacgcuuggcacagaacauucugacuguggcuuu","Montipora_capitata_HIv3___Scaffold_11:20926978..20927035:-"
"41","Montipora_capitata_HIv3___Scaffold_8_508613",23.8,"40 +/- 7%","-",45,19,0,26,"yes","-","-","-","-","ggagcuaagcauguggcggaaaua","aucucugcuaaauguuuugcaccg","ggagcuaagcauguggcggaaauaucuuauuaucucugcuaaauguuuugcaccg","Montipora_capitata_HIv3___Scaffold_8:37548142..37548197:+"
"42","Montipora_capitata_HIv3___Scaffold_8_535535",19.9,"40 +/- 7%","-",35,34,0,1,"yes","-","-","-","-","aggaagaagagagacccugggauc","cccagggucucucuucuuuccuu","cccagggucucucuucuuuccuuccuuggaaaggaagaagagagacccugggauc","Montipora_capitata_HIv3___Scaffold_8:68501283..68501338:+"
"43","Montipora_capitata_HIv3___Scaffold_11_796076",19.4,"40 +/- 7%","-",40,32,0,8,"yes","-","-","-","-","auaagcuuuucacaauugcuugguc","guaggucguuguguuuaguuuuauuguca","guaggucguuguguuuaguuuuauugucaagcuugucccauauuuccgcaauaacgcgagggacaauaagcuuuucacaauugcuugguc","Montipora_capitata_HIv3___Scaffold_11:10187913..10188003:-"
"44","Montipora_capitata_HIv3___Scaffold_11_787579",18.9,"40 +/- 7%","-",40,32,0,8,"yes","-","-","-","-","auaagcuuuucacaauugcuugguc","guaggucguuguguuuaguuuuauuguca","guaggucguuguguuuaguuuuauugucaagcuugucccauauuuccgcauuaacucgagggacaauaagcuuuucacaauugcuugguc","Montipora_capitata_HIv3___Scaffold_11:61689580..61689670:+"
"45","Montipora_capitata_HIv3___Scaffold_11_816162",18.8,"40 +/- 7%","-",40,32,0,8,"yes","-","-","-","-","auaagcuuuucacaauugcuugguc","guaggucguuguguuuaguuuuauuguca","guaggucguuguguuuaguuuuauugucaagcuugucccauauuuccgcauuaacucgagggacaauaagcuuuucacaauugcuugguc","Montipora_capitata_HIv3___Scaffold_11:35763984..35764074:-"
"46","Montipora_capitata_HIv3___Scaffold_13_949160",18.7,"40 +/- 7%","-",35,24,0,11,"yes","-","-","-","-","acaaaguggagguggcuagugg","auuaguaucacccaacuagug","acaaaguggagguggcuagugguagauauuuaacgagccgcguagcggcgagguaaauaucccucauuaguaucacccaacuagug","Montipora_capitata_HIv3___Scaffold_13:31230306..31230392:+"
"47","Montipora_capitata_HIv3___Scaffold_11_841599",15.1,"40 +/- 7%","-",27,26,0,1,"yes","-","-","-","-","aggaggagaaaaggaggcucugc","aagagccuccuuuugucuuuuuc","aagagccuccuuuugucuuuuucuuuucugaggaggagaaaaggaggcucugc","Montipora_capitata_HIv3___Scaffold_11:65508028..65508081:-"
"48","Montipora_capitata_HIv3___Scaffold_5_310446",14.1,"40 +/- 7%","-",25,24,0,1,"yes","-","-","-","-","cuaacccuaacccuaacccuaa","aggggugauuaggucuug","aggggugauuaggucuugguuaggguuaauaacccuaacccuaacccuaacccuaa","Montipora_capitata_HIv3___Scaffold_5:24300141..24300197:+"
"49","Montipora_capitata_HIv3___Scaffold_6_439094",13.2,"40 +/- 7%","-",22,21,0,1,"yes","-","-","-","-","gaccacacaaagaagggcugcgu","cacagccguucuuugugugg","cacagccguucuuuguguggucauuucaacguugcgugaccacacaaagaagggcugcgu","Montipora_capitata_HIv3___Scaffold_6:20609077..20609137:-"
"50","Montipora_capitata_HIv3___Scaffold_5_365006",12.1,"40 +/- 7%","-",26,25,0,1,"yes","-","-","-","-","guuagugggaauuggaggg","ccauagcgguaccgugaau","ccauagcgguaccgugaauuugaagauaguuaauuucuuuccguugaauuggaaagaguuuucuuuaaguuagugggaauuggaggg","Montipora_capitata_HIv3___Scaffold_5:28409304..28409391:-"
"51","Montipora_capitata_HIv3___Scaffold_2_67225",11.6,"40 +/- 7%","-",21,20,0,1,"yes","-","-","-","-","agcucaaguuucguuguagugaac","uuaacuacuacaaaacucagcuuu","uuaacuacuacaaaacucagcuuuuuuuaaagcucaaguuucguuguagugaac","Montipora_capitata_HIv3___Scaffold_2:7879045..7879099:+"
"52","Montipora_capitata_HIv3___Scaffold_5_307262",10.4,"40 +/- 7%","-",16,15,0,1,"yes","-","-","-","-","aaacgaccgccggaaauacguca","acguauuuccggccaucguuuc","acguauuuccggccaucguuucucuagagaaacgaccgccggaaauacguca","Montipora_capitata_HIv3___Scaffold_5:18334948..18335000:+"
